contact_id,name,surname,email,dni,credit_card
1,Kevin,Luna,alsdakdaksmdaslkda,12344566H,6589452875035277
2,Arnau,Martinez,asdasdasd,12344569J,4623578607851044
3,Marc,Juanez,asdasdasd,12344572K,8236639250803052
4,Sebaatian,Friday,dasd,12344575L,5649582292212468
5,Luna,Lunos,asdasdasd,12344578M,1424038503085561
6,Maria,Pelos,asdasdasd,12344581N,7787141314608059
7,Agon,Pulos,sdas,12344584O,8839985027061326
8,Neon,Kulos,dasd,12344587P,6285797329252670
9,Murio,Kilos,dasd,12344590R,2534743796819260
10,Pluton,Petas,asdasdasd,12344593F,8740876155410350
11,Puto,Minos,asdasdasd,12344596T,9265065319012252
12,Plata,Nanos,dasd,12344599Z,7428176229916733
13,Pete,Nenes,asdasdasd,12344602Q,7735580318872610
14,Pota,Yuro,dasd,12344605S,2989045533005443
15,Pita,Hui,dasd,12344608W,4859685981660996
16,Pan,Juilo,asdasdasda,12344611V,9527851124514032
17,Manzana,Jaja,sdas,12344614S,2765550392329813
18,Crema,Hehe,asdasd,12344617R,4428604028038455
19,Helado,Mimi,asd,12344620Q,3196512657558752
